MATNR,ARBPL,TIME
1345008385,WC00005,0.05
30450095047,WC00001,0.1
1121003413,WC00001,0.1
1008000230,WC00005,0.05
1133008776,WC00001,0.1
1307000961,WC00005,0.05
1351006997,WC00001,0.1
1368003165,WC00001,0.1
1432006028,WC00001,0.1
1016006207,WC00005,0.05
1000004503,WC00005,0.05
1409007166,WC00005,0.05
1420006946,WC00005,0.05
1321004413,WC00005,0.05
1363009233,WC00005,0.05
1348003511,WC00005,0.05
1371002956,WC00005,0.05
1367000978,WC00005,0.05
1323005608,WC00005,0.05
1415000183,WC00005,0.05
1322007535,WC00005,0.05
1429004260,WC00005,0.05
1432009355,WC00005,0.05
1391005200,WC00005,0.05
1373000749,WC00001,0.1
1402005790,WC00001,0.1
1403002458,WC00001,0.1
1425008593,WC00001,0.1
1375008779,WC00001,0.1
1349007073,WC00001,0.1
1372004751,WC00001,0.1
1371003970,WC00001,0.1
1422005000,WC00001,0.1
1435004670,WC00001,0.1
1379007150,WC00001,0.1
1445009755,WC00001,0.1
1439007610,WC00001,0.1
1382006163,WC00001,0.1
1388006535,WC00001,0.1
517700933,WC00001,0.1
517700289,WC00002,0.1
475000537,WC00002,0.1
2.11E+13,WC00005,0.05
1325009694,WC00005,0.05
2300002813,WC00005,0.05
1362006908,WC00002,0.1
1421006724,WC00002,0.1
1429002154,WC00002,0.1
1420004259,WC00002,0.1
1435006145,WC00002,0.1
10000000014,WC00002,0.1
1434002798,WC00002,0.1
1371004340,WC00002,0.1
10000000015,WC00002,0.1
1345009986,WC00002,0.1
1370003193,WC00002,0.1
10000000019,WC00002,0.1
1324001925,WC00002,0.1
1366008322,WC00002,0.1
1021006701,WC00005,0.05
1423001403,WC00002,0.1
1423001404,WC00002,0.1
1423001405,WC00002,0.1
1423001406,WC00002,0.1
1412004880,WC00005,0.05
1412004917,WC00005,0.05
1421008027,WC00002,0.1
1422000276,WC00005,0.05
1249009715,WC00002,0.1
1271000148,WC00005,0.05
1304001935,WC00002,0.1
1375005551,WC00005,0.05
1315003187,WC00005,0.05
1120009200,WC00002,0.1
1330006213,WC00002,0.1
1257003472,WC00002,0.1
1305001362,WC00002,0.1
2300003492,WC00002,0.1
1426005985,WC00005,0.05
1428000709,WC00005,0.05
513700334,WC00005,0.05
1421008021,WC00005,0.05
513700332,WC00005,0.05
1305003432,WC00005,0.05
1383008383,WC00002,0.1
1356004694,WC00005,0.05
1347004579,WC00005,0.05
1347004580,WC00005,0.05
1375005702,WC00005,0.05
1121004263,WC00002,0.1
1381000232,WC00005,0.05
499800749,WC00005,0.05
506800801,WC00005,0.05
506800803,WC00005,0.05
506800805,WC00005,0.05
506800806,WC00005,0.05
1321008297,WC00002,0.1
1447000156,WC00002,0.1
1449008320,WC00002,0.1
1378006643,WC00005,0.05
1321007986,WC00002,0.1
1380008705,WC00005,0.05
1346002743,WC00002,0.1
1404000179,WC00002,0.1
1403002480,WC00002,0.1
1403004726,WC00002,0.1
1449008085,WC00002,0.1
1403006700,WC00002,0.1
1449008206,WC00002,0.1
1403007670,WC00002,0.1
1449008278,WC00002,0.1
1449008313,WC00002,0.1
1403008867,WC00002,0.1
506800819,WC00002,0.1
1000004517,WC00005,0.05
1249009434,WC00002,0.1
1121004261,WC00002,0.1
1170000877,WC00005,0.05
1000004518,WC00005,0.05
1000004519,WC00005,0.05
1000004520,WC00005,0.05
1000004521,WC00005,0.05
1000004522,WC00005,0.05
1303006803,WC00005,0.05
1303006804,WC00005,0.05
1303006805,WC00002,0.1
1303006806,WC00002,0.1
1303006807,WC00002,0.1
1303006808,WC00005,0.05
1232002968,WC00005,0.05
1303006809,WC00005,0.05
1303006810,WC00005,0.05
1303006811,WC00002,0.1
1303006812,WC00005,0.05
1117004743,WC00005,0.05
1304000442,WC00005,0.05
1117004745,WC00005,0.05
1304000443,WC00005,0.05
1304000444,WC00005,0.05
1304000509,WC00005,0.05
1304000531,WC00002,0.1
1330006066,WC00002,0.1
1330006067,WC00005,0.05
1306008271,WC00002,0.1
1306008272,WC00005,0.05
1388003672,WC00002,0.1
1346002704,WC00002,0.1
1346002711,WC00005,0.05
1427001134,WC00002,0.1
1427001279,WC00002,0.1
1430005183,WC00002,0.1
1430006800,WC00002,0.1
30490002554,WC00002,0.1
2390001937,WC00005,0.05
1121002913,WC00005,0.05
1307003653,WC00005,0.05
1307003659,WC00005,0.05
1177009764,WC00005,0.05
1307003660,WC00005,0.05
1121004250,WC00005,0.05
1177009765,WC00005,0.05
1121004253,WC00005,0.05
1177009766,WC00005,0.05
1178001055,WC00005,0.05
1179007891,WC00005,0.05
1254005357,WC00002,0.1
1254005359,WC00002,0.1
1254005361,WC00002,0.1
1010008069,WC00005,0.05
1010008070,WC00005,0.05
1010008071,WC00005,0.05
1010008072,WC00005,0.05
1316005149,WC00005,0.05
1188007449,WC00005,0.05
1261005636,WC00002,0.1
1261005637,WC00005,0.05
1261005643,WC00005,0.05
1262005292,WC00002,0.1
1262005293,WC00002,0.1
1262005295,WC00002,0.1
1319008101,WC00002,0.1
1319008102,WC00002,0.1
1319008104,WC00005,0.05
1319008105,WC00002,0.1
1321005222,WC00005,0.05
1321005223,WC00002,0.1
1321005224,WC00005,0.05
1272009764,WC00005,0.05
1158007367,WC00005,0.05
1330005655,WC00002,0.1
1330005656,WC00002,0.1
1330005657,WC00005,0.05
1330005658,WC00002,0.1
1099005306,WC00005,0.05
1099005458,WC00002,0.1
1330005659,WC00002,0.1
1330006037,WC00005,0.05
1330006038,WC00005,0.05
1330006039,WC00005,0.05
1330006040,WC00005,0.05
1330006041,WC00005,0.05
1332004464,WC00005,0.05
1332004465,WC00005,0.05
1332004466,WC00005,0.05
1332004467,WC00005,0.05
1292001668,WC00005,0.05
1109003929,WC00002,0.1
1109003930,WC00005,0.05
1109007102,WC00005,0.05
1338002809,WC00005,0.05
1000003978,WC00005,0.05
1139004673,WC00005,0.05
1271009372,WC00005,0.05
1000004549,WC00005,0.05
1154004228,WC00005,0.05
1166002457,WC00005,0.05
1007004451,WC00002,0.1
1168002386,WC00005,0.05
1168002391,WC00005,0.05
1010006511,WC00005,0.05
1010006512,WC00002,0.1
1010006513,WC00005,0.05
1010006514,WC00005,0.05
1010008013,WC00002,0.1
1010008014,WC00005,0.05
1010008015,WC00005,0.05
1010008016,WC00002,0.1
1010008018,WC00005,0.05
1010008206,WC00005,0.05
1010008207,WC00002,0.1
1010008208,WC00002,0.1
1010008209,WC00005,0.05
1012004482,WC00005,0.05
1018006170,WC00005,0.05
1177009763,WC00003,0.1
1261003164,WC00006,0.05
1301003371,WC00006,0.05
1423002022,WC00003,0.1
1346008723,WC00003,0.1
1347005270,WC00006,0.05
1387009312,WC00006,0.05
1423007732,WC00003,0.1
1349008016,WC00003,0.1
1425000681,WC00003,0.1
1394005880,WC00003,0.1
1395002828,WC00006,0.05
1425000797,WC00003,0.1
1312006001,WC00003,0.1
1426006571,WC00003,0.1
1363003123,WC00003,0.1
1426006576,WC00003,0.1
1426006690,WC00006,0.05
1426006771,WC00006,0.05
1426006791,WC00003,0.1
1426007781,WC00006,0.05
1426007786,WC00003,0.1
1398008864,WC00006,0.05
1426007790,WC00003,0.1
1426007814,WC00006,0.05
1398008873,WC00006,0.05
1426007846,WC00006,0.05
1426007896,WC00006,0.05
1426007929,WC00003,0.1
1426007948,WC00003,0.1
1426008058,WC00003,0.1
1426008170,WC00003,0.1
1426008181,WC00003,0.1
1426008192,WC00003,0.1
1426008193,WC00003,0.1
1426008200,WC00006,0.05
1426008343,WC00003,0.1
508400479,WC00003,0.1
509000383,WC00003,0.1
514500540,WC00006,0.05
1435006810,WC00006,0.05
1435006831,WC00006,0.05
1435006841,WC00006,0.05
1392009773,WC00003,0.1
1435006917,WC00006,0.05
1394004276,WC00006,0.05
1435006919,WC00006,0.05
1435006920,WC00006,0.05
1427000716,WC00003,0.1
1427000913,WC00003,0.1
1403002482,WC00003,0.1
1403006340,WC00003,0.1
1428005106,WC00003,0.1
1428005112,WC00003,0.1
1428005118,WC00006,0.05
1428005121,WC00003,0.1
1428005161,WC00003,0.1
1368005461,WC00003,0.1
1428005408,WC00006,0.05
1428005438,WC00003,0.1
1314003528,WC00003,0.1
1408009487,WC00006,0.05
1409000274,WC00006,0.05
1428005775,WC00003,0.1
1428005808,WC00003,0.1
1428005815,WC00003,0.1
1428005824,WC00003,0.1
1428005865,WC00003,0.1
1428005869,WC00003,0.1
1428005887,WC00003,0.1
1428005892,WC00003,0.1
1428005899,WC00003,0.1
1428005906,WC00006,0.05
1428005910,WC00006,0.05
1428005912,WC00006,0.05
1428005928,WC00003,0.1
1316001176,WC00006,0.05
1428005933,WC00003,0.1
1428005941,WC00003,0.1
1428005942,WC00003,0.1
1428005945,WC00003,0.1
1428005950,WC00003,0.1
1428009550,WC00003,0.1
1429000079,WC00003,0.1
1316006075,WC00003,0.1
1429002260,WC00003,0.1
1429002267,WC00003,0.1
1429002329,WC00006,0.05
1429002331,WC00006,0.05
1429002334,WC00006,0.05
1371006675,WC00003,0.1
1429004383,WC00006,0.05
1429009077,WC00006,0.05
1429009895,WC00006,0.05
1430001726,WC00003,0.1
1430001730,WC00003,0.1
1430001731,WC00003,0.1
1430001733,WC00003,0.1
1430001736,WC00003,0.1
1430001739,WC00003,0.1
1430001741,WC00003,0.1
1430001742,WC00003,0.1
1430001744,WC00003,0.1
1430001748,WC00003,0.1
1430001749,WC00003,0.1
1430001752,WC00003,0.1
1430001862,WC00006,0.05
1430001952,WC00003,0.1
1430001963,WC00003,0.1
1430001964,WC00003,0.1
1430002107,WC00003,0.1
1430002108,WC00003,0.1
1430002120,WC00003,0.1
1430002131,WC00003,0.1
1430002155,WC00003,0.1
1430002163,WC00003,0.1
1417008992,WC00003,0.1
1430002172,WC00003,0.1
1430002180,WC00003,0.1
1430002190,WC00003,0.1
1430002234,WC00006,0.05
1430002239,WC00006,0.05
1430002273,WC00006,0.05
1430002279,WC00003,0.1
1430002289,WC00006,0.05
1430002294,WC00006,0.05
1430002310,WC00003,0.1
1430002313,WC00006,0.05
1430002331,WC00003,0.1
1430002333,WC00003,0.1
1430002334,WC00003,0.1
1430002403,WC00003,0.1
1430002416,WC00003,0.1
1430002419,WC00003,0.1
1430002422,WC00003,0.1
1430002428,WC00003,0.1
1430002432,WC00003,0.1
1430002434,WC00003,0.1
1430002436,WC00003,0.1
1430002592,WC00003,0.1
1430002593,WC00003,0.1
1430002598,WC00003,0.1
1430002630,WC00006,0.05
1319006148,WC00006,0.05
1430002631,WC00003,0.1
1430002634,WC00003,0.1
1430002646,WC00003,0.1
1430003019,WC00003,0.1
1430003022,WC00003,0.1
1430003102,WC00003,0.1
1430003104,WC00003,0.1
1430003112,WC00003,0.1
1430003119,WC00003,0.1
1430003150,WC00003,0.1
1430003155,WC00006,0.05
1430003157,WC00003,0.1
1430004829,WC00003,0.1
1430004844,WC00003,0.1
1430004851,WC00003,0.1
1430004999,WC00003,0.1
1431000352,WC00003,0.1
1432001657,WC00006,0.05
1433003596,WC00003,0.1
1327004835,WC00006,0.05
1433004825,WC00003,0.1
1433005661,WC00006,0.05
1433005713,WC00003,0.1
1378008530,WC00003,0.1
1378008561,WC00003,0.1
1433009640,WC00006,0.05
1434007838,WC00003,0.1
1381002179,WC00003,0.1
1420007088,WC00003,0.1
1435003770,WC00003,0.1
1435007585,WC00003,0.1
1331002519,WC00003,0.1
1445004470,WC00003,0.1
1445005598,WC00003,0.1
1445007960,WC00003,0.1
1447001559,WC00003,0.1
1447001608,WC00003,0.1
1254005358,WC00006,0.05
1254005363,WC00006,0.05
1254005364,WC00006,0.05
1254005365,WC00006,0.05
1097003546,WC00006,0.05
1000004516,WC00006,0.05
1000004550,WC00006,0.05
1000004551,WC00006,0.05
1000004552,WC00006,0.05
1000004553,WC00006,0.05
1261003162,WC00006,0.05
1448002583,WC00003,0.1
1448002685,WC00003,0.1
1451005660,WC00006,0.05
1451005681,WC00006,0.05
1312005696,WC00006,0.05
1374009298,WC00003,0.1
1374009300,WC00003,0.1
1374009301,WC00003,0.1
1374009302,WC00003,0.1
1374009303,WC00003,0.1
1394004757,WC00006,0.05
1435006921,WC00006,0.05
1394004760,WC00006,0.05
1435006922,WC00006,0.05
1394005112,WC00006,0.05
1394005115,WC00006,0.05
1394005116,WC00006,0.05
1435008038,WC00006,0.05
1394005118,WC00006,0.05
1435008055,WC00006,0.05
1435008058,WC00006,0.05
1394005126,WC00006,0.05
1435008082,WC00006,0.05
1394005129,WC00006,0.05
1435008087,WC00006,0.05
1394005133,WC00006,0.05
1435008089,WC00006,0.05
1435008094,WC00006,0.05
1394005135,WC00006,0.05
1435008095,WC00006,0.05
1374009304,WC00003,0.1
1374009305,WC00006,0.05
1374009306,WC00006,0.05
1374009307,WC00003,0.1
1374009308,WC00003,0.1
1321002597,WC00006,0.05
1374009309,WC00003,0.1
1374009310,WC00006,0.05
1321002598,WC00006,0.05
1374009311,WC00003,0.1
1374009312,WC00003,0.1
1374009313,WC00003,0.1
1321002599,WC00006,0.05
1374009314,WC00003,0.1
1374009315,WC00006,0.05
1321002601,WC00006,0.05
1374009317,WC00003,0.1
1321002602,WC00006,0.05
1374009318,WC00003,0.1
1321002603,WC00006,0.05
1374009319,WC00003,0.1
1374009320,WC00003,0.1
1321002604,WC00006,0.05
1374009321,WC00003,0.1
1394005137,WC00006,0.05
1435009249,WC00006,0.05
1394005151,WC00006,0.05
1435009254,WC00006,0.05
1415008929,WC00003,0.1
1394005254,WC00006,0.05
1394005260,WC00006,0.05
1394005346,WC00006,0.05
1394005376,WC00006,0.05
1435009801,WC00006,0.05
1394005398,WC00006,0.05
1435009804,WC00006,0.05
1394005408,WC00006,0.05
1435009815,WC00006,0.05
1374009322,WC00003,0.1
1321002605,WC00006,0.05
1374009323,WC00003,0.1
1360001169,WC00006,0.05
1374009324,WC00003,0.1
1321002606,WC00006,0.05
1374009325,WC00003,0.1
1321002607,WC00006,0.05
1374009326,WC00003,0.1
1374009327,WC00003,0.1
1321002608,WC00006,0.05
1360002215,WC00006,0.05
1374009328,WC00003,0.1
1374009329,WC00003,0.1
1360002298,WC00006,0.05
1321002609,WC00006,0.05
1394005413,WC00006,0.05
1394005425,WC00006,0.05
1416006034,WC00006,0.05
1394005426,WC00006,0.05
1436000592,WC00003,0.1
1394005448,WC00006,0.05
1374009330,WC00003,0.1
1374009331,WC00006,0.05
1360002309,WC00006,0.05
1321002610,WC00006,0.05
1374009332,WC00006,0.05
1374009333,WC00003,0.1
1321002611,WC00006,0.05
1374009334,WC00003,0.1
1360002314,WC00006,0.05
1321002612,WC00006,0.05
1374009335,WC00006,0.05
1360002323,WC00006,0.05
1374009336,WC00006,0.05
1374009337,WC00003,0.1
1360002324,WC00006,0.08
1374009339,WC00006,0.08
1416008261,WC00006,0.08
1394005454,WC00006,0.08
1394005877,WC00006,0.08
1394005878,WC00006,0.08
1394005879,WC00006,0.08
1436001558,WC00006,0.08
1436001571,WC00006,0.08
1394006262,WC00006,0.08
1436004469,WC00006,0.08
1394006264,WC00006,0.08
1436004515,WC00006,0.08
1394006267,WC00006,0.08
1394006268,WC00006,0.08
1436005197,WC00006,0.08
1394007353,WC00006,0.08
1374009340,WC00003,0.1
1360002328,WC00006,0.08
1374009342,WC00003,0.1
1374009343,WC00006,0.08
1374009344,WC00003,0.1
1374009345,WC00006,0.08
1374009347,WC00003,0.1
1374009348,WC00003,0.1
1360005699,WC00006,0.08
1374009349,WC00003,0.1
1374009362,WC00003,0.1
1313004969,WC00006,0.08
1394007355,WC00006,0.08
1394007356,WC00006,0.08
1394007357,WC00006,0.08
1394007358,WC00006,0.08
1394007360,WC00006,0.08
1394007364,WC00006,0.08
1420003567,WC00003,0.1
1394007368,WC00006,0.08
1440004050,WC00006,0.08
1394007369,WC00006,0.08
1321007635,WC00006,0.08
1375001008,WC00003,0.1
1375007366,WC00006,0.08
1375007367,WC00006,0.08
1375007368,WC00006,0.08
1292008526,WC00006,0.08
1292008527,WC00006,0.08
1314001999,WC00006,0.08
1314002000,WC00003,0.1
1292008528,WC00006,0.08
1420005721,WC00003,0.1
1394007372,WC00006,0.08
1442004689,WC00006,0.08
1394007374,WC00006,0.08
1442006746,WC00006,0.08
1394007375,WC00006,0.08
1394007376,WC00006,0.08
1394007377,WC00006,0.08
1394007378,WC00006,0.08
1443006854,WC00006,0.08
1394007380,WC00006,0.08
1443006860,WC00006,0.08
1394007381,WC00006,0.08
1394007383,WC00006,0.08
1394007384,WC00006,0.08
1420006481,WC00006,0.08
1445001722,WC00006,0.08
1445004399,WC00006,0.08
1445004401,WC00006,0.08
506800927,WC00003,0.1
508400571,WC00006,0.08
508400573,WC00006,0.08
508400574,WC00006,0.08
508600131,WC00006,0.08
508800241,WC00006,0.08
508800251,WC00006,0.08
1261003163,WC00006,0.08
1154006920,WC00003,0.1
1117004660,WC00003,0.1
1445004403,WC00006,0.08
1445004405,WC00006,0.08
1394007892,WC00006,0.08
1445004434,WC00006,0.08
1445004436,WC00006,0.08
1445005551,WC00006,0.08
1394008356,WC00006,0.08
1314002002,WC00006,0.08
1292008529,WC00006,0.08
1314002007,WC00006,0.08
1292008818,WC00006,0.08
1314002008,WC00006,0.08
1314002009,WC00006,0.08
1314002010,WC00006,0.08
1314002012,WC00006,0.08
508800290,WC00006,0.08
508800304,WC00006,0.08
509000376,WC00003,0.1
1314002014,WC00006,0.08
1314002015,WC00006,0.08
1314002016,WC00006,0.08
1314002017,WC00006,0.08
1294004773,WC00006,0.08
1314002018,WC00006,0.08
1314002019,WC00006,0.08
1314002020,WC00006,0.08
1271009151,WC00003,0.1
1001002157,WC00006,0.08
1122005899,WC00006,0.08
1166002470,WC00006,0.08
1166002476,WC00006,0.08
1166002495,WC00006,0.08
1166002497,WC00006,0.08
1422003094,WC00003,0.1
1446007924,WC00003,0.1
1448002600,WC00006,0.08
1448003449,WC00003,0.1
1448003524,WC00003,0.1
1394009671,WC00006,0.08
1422004663,WC00003,0.1
1394009673,WC00006,0.08
1422005338,WC00003,0.1
1394009674,WC00006,0.08
1394009675,WC00006,0.08
1394009676,WC00006,0.08
1422009106,WC00006,0.08
1395003035,WC00006,0.08
1423001949,WC00006,0.08
1314002021,WC00006,0.08
1314002022,WC00006,0.08
1314002023,WC00006,0.08
1363002115,WC00003,0.1
1314002024,WC00006,0.08
1314002025,WC00006,0.08
1314002026,WC00006,0.08
1314002027,WC00006,0.08
1314002028,WC00006,0.08
1314002029,WC00006,0.08
1314002030,WC00006,0.08
1378008125,WC00003,0.1
1314002031,WC00006,0.08
1378008126,WC00003,0.1
513000373,WC00003,0.1
1378008127,WC00006,0.08
1378008128,WC00003,0.1
1314002032,WC00006,0.08
1378008129,WC00003,0.1
1378008130,WC00003,0.1
1314002034,WC00006,0.08
1378008131,WC00006,0.08
1314002035,WC00006,0.08
1314002036,WC00006,0.08
1314002037,WC00006,0.08
1314002040,WC00006,0.08
1396000873,WC00006,0.08
1396007030,WC00006,0.08
1396009735,WC00006,0.09
1396009736,WC00006,0.09
1396009737,WC00003,0.1
1396009738,WC00006,0.09
1396009740,WC00006,0.09
1396009741,WC00006,0.09
1396009742,WC00006,0.09
1396009743,WC00006,0.09
1396009744,WC00006,0.09
1397006872,WC00006,0.09
1397006873,WC00006,0.09
1397006874,WC00006,0.09
1398005342,WC00006,0.09
1398006660,WC00006,0.09
1398006664,WC00006,0.09
1398006665,WC00006,0.09
1299006073,WC00006,0.09
1299006436,WC00006,0.09
1378008494,WC00003,0.1
1314002042,WC00006,0.09
1378008495,WC00003,0.1
1378008496,WC00003,0.1
1378008497,WC00006,0.09
1314002047,WC00006,0.09
1378008498,WC00003,0.1
1378008500,WC00006,0.09
1314002050,WC00006,0.09
1378008501,WC00006,0.09
1378008502,WC00006,0.09
1378008503,WC00003,0.1
1378008505,WC00003,0.1
514200155,WC00003,0.1
514200821,WC00003,0.1
516300809,WC00003,0.1
1314002051,WC00006,0.09
1363002534,WC00003,0.1
1378008506,WC00003,0.1
1378008507,WC00003,0.1
1314002054,WC00006,0.09
1378008508,WC00003,0.1
1378008509,WC00003,0.1
1300009153,WC00006,0.09
1378008510,WC00006,0.09
1314002056,WC00006,0.09
1378008511,WC00006,0.09
1133008691,WC00003,0.1
1286007422,WC00006,0.09
1286007423,WC00006,0.09
1314002057,WC00006,0.09
1378008512,WC00006,0.09
1378008516,WC00006,0.09
1378008517,WC00003,0.1
1378008518,WC00006,0.09
1378008519,WC00003,0.1
1378008520,WC00003,0.1
1363004695,WC00003,0.1
1378008521,WC00003,0.1
1378008522,WC00003,0.1
1378008523,WC00006,0.09
1314002058,WC00006,0.09
1378008524,WC00003,0.1
1378008525,WC00003,0.1
1328004284,WC00006,0.09
1314002059,WC00006,0.09
1378008526,WC00003,0.1
1378008527,WC00006,0.09
1314002061,WC00006,0.09
1305003362,WC00006,0.09
1398006667,WC00006,0.09
1398007292,WC00006,0.09
1399001235,WC00006,0.09
1399005585,WC00006,0.09
1399008369,WC00006,0.09
1426005764,WC00006,0.09
1426007882,WC00003,0.1
1426007886,WC00006,0.09
1426007900,WC00003,0.1
1426008253,WC00006,0.09
1427000684,WC00003,0.1
1401001901,WC00006,0.09
1427000686,WC00003,0.1
1401001902,WC00006,0.09
1427000687,WC00003,0.1
1427000688,WC00003,0.1
1427000689,WC00003,0.1
1427000691,WC00003,0.1
1314002069,WC00006,0.09
1378009672,WC00003,0.1
1378009677,WC00003,0.1
1378009680,WC00003,0.1
1378009681,WC00003,0.1
1305003403,WC00006,0.09
1305003421,WC00006,0.09
1330009366,WC00006,0.09
1330009371,WC00006,0.09
1330009379,WC00006,0.09
1330009380,WC00006,0.09
1314003079,WC00006,0.09
1330009388,WC00006,0.09
1330009389,WC00006,0.09
1380003169,WC00003,0.1
1330009390,WC00006,0.09
1330009391,WC00006,0.09
1330009392,WC00006,0.09
1427000697,WC00003,0.1
1427000711,WC00003,0.1
1427000715,WC00003,0.1
1428005357,WC00006,0.09
1428006109,WC00003,0.1
1428006115,WC00006,0.09
1428006116,WC00003,0.1
1428006120,WC00003,0.1
1429002236,WC00006,0.09
1429002244,WC00006,0.09
1429003753,WC00003,0.1
1429003760,WC00003,0.1
1429004392,WC00006,0.09
1330009393,WC00006,0.09
1314003231,WC00006,0.09
1330009395,WC00006,0.09
1380007167,WC00003,0.1
1330009400,WC00006,0.09
1380007168,WC00003,0.1
1380007169,WC00003,0.1
1330009403,WC00006,0.09
1380007170,WC00006,0.09
1380007171,WC00006,0.09
1330009404,WC00006,0.09
1380007172,WC00003,0.1
1330009406,WC00006,0.09
1380007173,WC00006,0.09
1330009407,WC00006,0.09
1380007174,WC00003,0.1
1330009411,WC00006,0.09
1380007175,WC00003,0.1
1380007176,WC00003,0.1
1380007177,WC00003,0.1
1330009412,WC00006,0.09
1380007178,WC00006,0.09
516400764,WC00003,0.1
482900995,WC00003,0.1
531400153,WC00003,0.1
534300766,WC00006,0.09
534600085,WC00003,0.1
534600184,WC00003,0.1
30450094740,WC00003,0.1
1330009413,WC00006,0.09
1330009414,WC00006,0.09
1380007180,WC00006,0.09
1380007185,WC00006,0.09
1331000853,WC00006,0.09
1380007186,WC00006,0.09
1380007187,WC00006,0.09
1380007188,WC00006,0.09
1380007189,WC00003,0.1
1380007190,WC00003,0.1
1380007191,WC00003,0.1
1380007213,WC00003,0.1
1380008439,WC00003,0.1
1381002082,WC00006,0.09
1381002083,WC00006,0.09
1381002084,WC00006,0.09
1381002085,WC00006,0.09
1286007424,WC00006,0.09
1179000202,WC00006,0.09
1286007432,WC00007,0.09
1429005150,WC00003,0.1
1401003123,WC00007,0.09
1401004819,WC00007,0.09
1402000343,WC00007,0.09
1403002499,WC00003,0.1
1429009040,WC00007,0.09
1403005926,WC00007,0.09
1429009042,WC00007,0.09
1403006561,WC00003,0.1
1429009796,WC00003,0.1
1429009805,WC00003,0.1
1429009843,WC00007,0.09
1429009885,WC00007,0.09
1430000917,WC00007,0.09
1403008417,WC00007,0.09
1334003168,WC00007,0.09
1381002103,WC00007,0.09
1381002104,WC00003,0.1
1381003762,WC00003,0.1
1381003764,WC00003,0.1
1307000221,WC00007,0.09
1381003981,WC00003,0.1
1381003982,WC00003,0.1
1307000223,WC00007,0.09
1381003983,WC00003,0.1
1381004069,WC00007,0.09
1381004076,WC00007,0.09
1286007440,WC00007,0.09
1359007777,WC00007,0.09
1359007782,WC00007,0.09
1314002033,WC00007,0.09
1362001191,WC00007,0.09
1314002041,WC00007,0.09
1314002043,WC00007,0.09
1314002044,WC00007,0.09
1315006636,WC00007,0.09
1363006730,WC00003,0.1
1363006731,WC00003,0.1
1315006678,WC00007,0.09
1363006733,WC00003,0.1
1363006736,WC00007,0.09
1345008379,WC00003,0.1
1363006738,WC00003,0.1
1363006739,WC00003,0.1
1316000593,WC00007,0.09
1382007389,WC00003,0.1
1346000324,WC00007,0.09
1316000596,WC00007,0.09
1363006741,WC00003,0.1
1316000597,WC00007,0.09
1363006743,WC00003,0.1
1346000331,WC00007,0.09
1316000598,WC00007,0.09
1363006744,WC00003,0.1
1385006117,WC00003,0.1
1316001173,WC00007,0.09
1363006745,WC00003,0.1
1363006747,WC00003,0.1
1386000536,WC00003,0.1
1430002301,WC00003,0.1
1404003458,WC00003,0.1
1404004165,WC00007,0.09
1404004626,WC00007,0.09
1430003023,WC00007,0.09
1430003025,WC00003,0.1
1430003035,WC00003,0.1
1430003047,WC00003,0.1
1430003159,WC00007,0.09
1430003161,WC00007,0.09
1430003175,WC00007,0.09
1430004792,WC00003,0.1
1430004830,WC00003,0.1
1430004831,WC00007,0.09
1406002162,WC00003,0.1
1316001174,WC00007,0.09
1346000362,WC00007,0.09
1363006751,WC00003,0.1
1387000702,WC00003,0.1
1363006752,WC00007,0.09
1363006753,WC00007,0.09
1316001175,WC00007,0.09
1363006754,WC00007,0.09
1307006504,WC00007,0.09
1307006505,WC00007,0.09
1346008560,WC00007,0.09
1363006755,WC00007,0.09
1387009059,WC00003,0.1
1316004982,WC00007,0.09
1387009060,WC00003,0.1
1346008574,WC00007,0.09
1387009061,WC00003,0.1
1363006767,WC00007,0.09
1307006506,WC00007,0.09
1346008590,WC00007,0.09
1387009062,WC00003,0.1
1346008616,WC00007,0.09
1363006823,WC00007,0.09
30450094751,WC00003,0.1
1307006507,WC00007,0.09
1387009063,WC00003,0.1
1387009064,WC00003,0.1
1363006839,WC00007,0.09
1387009065,WC00003,0.1
1387009066,WC00003,0.1
1307006508,WC00007,0.09
1363006853,WC00007,0.09
1307006509,WC00007,0.09
1388001684,WC00003,0.1
1363006858,WC00007,0.09
1363006862,WC00003,0.1
1307006510,WC00007,0.09
1347002672,WC00007,0.09
1347004575,WC00007,0.09
1307006511,WC00007,0.09
1363006866,WC00007,0.09
1347004576,WC00007,0.09
1307006512,WC00007,0.09
1347004577,WC00007,0.09
1363006870,WC00007,0.09
1347004578,WC00007,0.09
1307006516,WC00007,0.09
1363006873,WC00007,0.09
1392000721,WC00007,0.09
1307006517,WC00007,0.09
1307006518,WC00007,0.09
1406002163,WC00003,0.1
1430004832,WC00003,0.1
1406006015,WC00007,0.09
1407004257,WC00003,0.1
1430004833,WC00003,0.1
1407004383,WC00007,0.09
1430004835,WC00007,0.09
1430004836,WC00003,0.1
1430004837,WC00007,0.09
1430004838,WC00003,0.1
1430004846,WC00003,0.1
1430004847,WC00003,0.1
1430004848,WC00007,0.09
1409000811,WC00007,0.09
1430004849,WC00003,0.1
1430004850,WC00007,0.09
1363007046,WC00003,0.1
1347004581,WC00007,0.09
1307006519,WC00007,0.09
1347004582,WC00007,0.09
1363007352,WC00007,0.09
1307006520,WC00007,0.09
1347004583,WC00007,0.09
1307006521,WC00007,0.09
1347004584,WC00007,0.09
30450094818,WC00003,0.1
30450094823,WC00003,0.1
30450094984,WC00003,0.1
1363007722,WC00003,0.1
1307006523,WC00007,0.09
1307006524,WC00007,0.09
1347004585,WC00007,0.09
1347004586,WC00007,0.09
1307006526,WC00007,0.09
1347004587,WC00007,0.09
1307006527,WC00007,0.09
1347004588,WC00007,0.09
1307006528,WC00007,0.09
1347004589,WC00007,0.09
1347004590,WC00007,0.09
1307006529,WC00007,0.09
1347004591,WC00007,0.09
1307006530,WC00007,0.09
1347004596,WC00007,0.09
1430004994,WC00007,0.09
1430004997,WC00003,0.1
1409000825,WC00007,0.09
1430005002,WC00003,0.1
1430005049,WC00003,0.1
1409000830,WC00007,0.09
1430005052,WC00003,0.1
1409007163,WC00007,0.09
1307006532,WC00007,0.09
1347004597,WC00007,0.09
1307006533,WC00007,0.09
1347004598,WC00007,0.09
1307006534,WC00007,0.09
1347004599,WC00007,0.09
1347004600,WC00007,0.09
1307006554,WC00007,0.09
1347004601,WC00007,0.09
1307006556,WC00007,0.09
1347004602,WC00007,0.09
1307006557,WC00007,0.09
1347004603,WC00007,0.09
1307006559,WC00007,0.09
1347004604,WC00007,0.09
1430008061,WC00007,0.03
1409007164,WC00007,0.03
1431004643,WC00007,0.03
1432002084,WC00003,0.1
1432004813,WC00003,0.1
1432004868,WC00007,0.03
1410009633,WC00003,0.1
1433003202,WC00007,0.03
1433003203,WC00007,0.03
1433003207,WC00007,0.03
1433003208,WC00007,0.03
1433003209,WC00007,0.03
1433003210,WC00007,0.03
1433003213,WC00007,0.03
1347004605,WC00007,0.03
1307006561,WC00007,0.03
1347004606,WC00007,0.03
1307006566,WC00007,0.03
1347004607,WC00007,0.03
1347004608,WC00007,0.03
1347004609,WC00007,0.03
1307007526,WC00003,0.1
1347004614,WC00007,0.03
1347004615,WC00007,0.03
1347004616,WC00007,0.03
1347004617,WC00007,0.03
1347004618,WC00007,0.03
1347004619,WC00007,0.03
1367003327,WC00007,0.03
1347004620,WC00007,0.03
1367003328,WC00007,0.03
1347004621,WC00007,0.03
1367003329,WC00007,0.03
1347004622,WC00007,0.03
1367003330,WC00007,0.03
1367003331,WC00007,0.03
1347004623,WC00007,0.03
1367003333,WC00007,0.03
1319006147,WC00007,0.03
1367003335,WC00007,0.03
1347004625,WC00007,0.03
1367003336,WC00007,0.03
1347004626,WC00007,0.03
1367007929,WC00007,0.03
1367007930,WC00007,0.03
1347005269,WC00007,0.03
1367007931,WC00007,0.03
1367007932,WC00007,0.03
1367009438,WC00007,0.03
1367009439,WC00007,0.03
1367009441,WC00007,0.03
1367009442,WC00007,0.03
30450095050,WC00003,0.1
30500043988,WC00003,0.1
30530049300,WC00003,0.1
30480061776,WC00003,0.1
1367009449,WC00007,0.03
1307009504,WC00007,0.03
1367009451,WC00007,0.03
1367009453,WC00007,0.03
1367009454,WC00007,0.03
1347009358,WC00007,0.03
1308007147,WC00007,0.03
1367009455,WC00007,0.03
1367009456,WC00008,0.03
1367009457,WC00008,0.03
1367009458,WC00008,0.03
1367009459,WC00008,0.03
1367009460,WC00008,0.03
1367009462,WC00008,0.03
1367009463,WC00008,0.03
1367009464,WC00008,0.03
1367009468,WC00008,0.03
1367009470,WC00008,0.03
1433003216,WC00008,0.03
1433003217,WC00008,0.03
1433003224,WC00008,0.03
1433003225,WC00008,0.03
1433003231,WC00003,0.1
1433003259,WC00008,0.03
1433003263,WC00008,0.03
1433004161,WC00008,0.03
1433004175,WC00008,0.03
1433004372,WC00008,0.03
1433004379,WC00008,0.03
1433004506,WC00008,0.03
1309003492,WC00008,0.03
1367009473,WC00008,0.03
1367009474,WC00008,0.03
1367009476,WC00008,0.03
1367009478,WC00008,0.03
1367009479,WC00008,0.03
1367009480,WC00008,0.03
1367009481,WC00008,0.03
1367009483,WC00008,0.03
1367009484,WC00008,0.03
1367009485,WC00008,0.03
1367009486,WC00008,0.03
1320007653,WC00008,0.03
1320007654,WC00008,0.03
1320007655,WC00008,0.03
1320007656,WC00008,0.03
1433004514,WC00008,0.03
1433005595,WC00008,0.03
1433005602,WC00008,0.03
1433005615,WC00008,0.03
1433005620,WC00008,0.03
1434002456,WC00008,0.03
1434002468,WC00008,0.03
1434002470,WC00008,0.03
1434002474,WC00008,0.03
1434002478,WC00008,0.03
1434002487,WC00008,0.03
1434002491,WC00008,0.03
1434002496,WC00008,0.03
1434002500,WC00008,0.03
1434002509,WC00008,0.03
1434008449,WC00003,0.1
1435000095,WC00008,0.03
1435000096,WC00008,0.03
1435000097,WC00008,0.03
1320007658,WC00008,0.03
1320007659,WC00008,0.03
1368005221,WC00008,0.03
1320007662,WC00008,0.03
1368005753,WC00008,0.03
1368005754,WC00008,0.03
1368005755,WC00008,0.03
1369009371,WC00008,0.03
1371006669,WC00008,0.03
1371006671,WC00008,0.03
1371006676,WC00008,0.03
1371006677,WC00008,0.03
1371006678,WC00008,0.03
1371006679,WC00008,0.03
1371006680,WC00008,0.03
1371006681,WC00008,0.03
1371006682,WC00008,0.03
1371006683,WC00008,0.03
1371006684,WC00008,0.03
1371006685,WC00008,0.03
1371006686,WC00008,0.03
1371006688,WC00003,0.1
1371006690,WC00008,0.03
1371006691,WC00008,0.03
1371006692,WC00008,0.03
1435000098,WC00008,0.03
1435000099,WC00008,0.03
1435000100,WC00008,0.03
1435000101,WC00008,0.03
1435000104,WC00008,0.03
1435000106,WC00008,0.03
1435000108,WC00008,0.03
1435000109,WC00008,0.03
1435000115,WC00008,0.03
1435000116,WC00008,0.03
1435000121,WC00008,0.03
1435006580,WC00008,0.03
1435006582,WC00008,0.03
1435006584,WC00008,0.03
1435006585,WC00008,0.03
1435006735,WC00008,0.03
1435006736,WC00008,0.03
1435006737,WC00008,0.03
1435006786,WC00008,0.03
1435006794,WC00008,0.03
1435006796,WC00008,0.03
1435006797,WC00008,0.03
1435006798,WC00008,0.03
1435006799,WC00008,0.03
1371006693,WC00008,0.03
1371006694,WC00008,0.03
1371006695,WC00008,0.03
1371006696,WC00008,0.03
1371006697,WC00008,0.03
1371006698,WC00008,0.03
1371006699,WC00008,0.03
1371006700,WC00008,0.03
1371006701,WC00008,0.03
1371006702,WC00008,0.03
1371006703,WC00008,0.03
1371006704,WC00008,0.03
1371006705,WC00008,0.03
1371006706,WC00008,0.03
1371006707,WC00008,0.03
1371006709,WC00008,0.03
1371006711,WC00008,0.03
1371006712,WC00008,0.03
1371006713,WC00008,0.03
1371006714,WC00008,0.03
1371006715,WC00008,0.03
1371006716,WC00008,0.03
1371006717,WC00008,0.03
1371006718,WC00008,0.03
1371006720,WC00008,0.03
1371006721,WC00008,0.03
1371006722,WC00008,0.03
1371006723,WC00008,0.03
1371006724,WC00008,0.03
1371006734,WC00008,0.03
1371006738,WC00008,0.03
1371006739,WC00008,0.03
1371006824,WC00008,0.03
1435006801,WC00008,0.03
1435006803,WC00008,0.03
1435006804,WC00008,0.03
1435006807,WC00008,0.03
1435006809,WC00008,0.03
1371006826,WC00008,0.03
1373008119,WC00008,0.03
1427000703,WC00003,0.1
1386002826,WC00003,0.1
1427000704,WC00003,0.1
1386002827,WC00003,0.1
1427000705,WC00003,0.1
1386002828,WC00003,0.1
1427000706,WC00003,0.1
1386002829,WC00003,0.1
1427000707,WC00003,0.1
1386002830,WC00003,0.1
1427000708,WC00003,0.1
1386002831,WC00003,0.1
1386003942,WC00003,0.1
1386003943,WC00003,0.1
1386003944,WC00003,0.1
1386003945,WC00003,0.1
1386003946,WC00008,0.03
1428000749,WC00008,0.03
1386003947,WC00008,0.03
1386003948,WC00008,0.03
1386003949,WC00008,0.03
1386003950,WC00008,0.03
1386003951,WC00008,0.03
1429000471,WC00008,0.03
1386003952,WC00003,0.1
1429000493,WC00008,0.03
1386003953,WC00003,0.1
1386003954,WC00003,0.1
1429000501,WC00008,0.03
1386003955,WC00003,0.1
1386003956,WC00003,0.1
1429000589,WC00008,0.03
1386003957,WC00003,0.1
1362008445,WC00008,0.03
1362008448,WC00003,0.1
1314002045,WC00008,0.03
1362008460,WC00003,0.1
1362008462,WC00003,0.1
1275004169,WC00008,0.03
1362008468,WC00003,0.1
1362008474,WC00008,0.03
1314002053,WC00008,0.03
1154003667,WC00008,0.03
1362008507,WC00003,0.1
1362008511,WC00003,0.1
1275004895,WC00008,0.03
1362008530,WC00003,0.1
1314002064,WC00008,0.03
1275005097,WC00008,0.03
1362008557,WC00008,0.03
1314002066,WC00008,0.03
1314002067,WC00008,0.03
1362008590,WC00008,0.03
1314002068,WC00008,0.03
1429000591,WC00008,0.03
1386003958,WC00004,0.1
1386003959,WC00004,0.1
1429002216,WC00008,0.03
1386003966,WC00008,0.03
1429003866,WC00008,0.03
1429005127,WC00008,0.03
1386007707,WC00008,0.03
1386007764,WC00004,0.1
1386007790,WC00004,0.1
1386008225,WC00004,0.1
1386008454,WC00004,0.1
1429009069,WC00008,0.03
1430000887,WC00008,0.03
1362008648,WC00008,0.03
1275005890,WC00008,0.03
1314002071,WC00008,0.03
1314003073,WC00008,0.03
1164007980,WC00008,0.03
1164007987,WC00008,0.03
1164008019,WC00008,0.03
1275006433,WC00008,0.03
1363001256,WC00008,0.03
1275006439,WC00008,0.03
1363001424,WC00008,0.03
1275006440,WC00008,0.03
1363001470,WC00008,0.03
1430000912,WC00008,0.03
1386009891,WC00008,0.03
1387000052,WC00004,0.1
1387000700,WC00008,0.03
1430004801,WC00008,0.03
1387004867,WC00004,0.1
1430004821,WC00008,0.03
1430004823,WC00008,0.03
1387005436,WC00004,0.1
1430004824,WC00008,0.03
1387005477,WC00004,0.1
1430004825,WC00008,0.03
1387005531,WC00008,0.03
1387005555,WC00008,0.03
1430004826,WC00008,0.03
1387005566,WC00004,0.1
1430004827,WC00008,0.03
1387005584,WC00004,0.1
1430004828,WC00008,0.03
1387005595,WC00004,0.1
1275006455,WC00008,0.03
1363001771,WC00008,0.03
1363001781,WC00008,0.03
1363001782,WC00008,0.03
1275006457,WC00008,0.03
1168006944,WC00004,0.1
1363001783,WC00008,0.03
1363001785,WC00008,0.03
1314003962,WC00008,0.03
1314003963,WC00008,0.03
1363001798,WC00008,0.03
1172003508,WC00008,0.03
1363001807,WC00008,0.03
1363001815,WC00008,0.03
469700596,WC00008,0.03
1387005631,WC00004,0.1
1387005661,WC00004,0.1
1387005675,WC00004,0.1
1430004834,WC00008,0.03
1387005712,WC00004,0.1
1387005723,WC00008,0.03
1430004993,WC00008,0.03
1387005730,WC00004,0.1
1387005736,WC00004,0.1
1387005742,WC00004,0.1
1387005752,WC00004,0.1
1430005001,WC00004,0.1
1387005761,WC00004,0.1
1430005047,WC00008,0.03
1387005764,WC00004,0.1
1314003964,WC00008,0.03
1363001819,WC00008,0.03
1172003566,WC00008,0.03
1314003965,WC00008,0.03
1314003966,WC00008,0.03
1363001853,WC00008,0.03
1363001854,WC00008,0.03
1314003967,WC00008,0.03
1179000199,WC00008,0.03
1314003983,WC00008,0.03
1363001857,WC00008,0.03
1363001862,WC00008,0.03
1314004005,WC00008,0.03
1179000200,WC00008,0.03
1363001865,WC00008,0.03
1179000201,WC00008,0.03
1363001867,WC00008,0.03
1430008022,WC00008,0.03
1387005776,WC00004,0.1
1432006094,WC00008,0.03
1433000305,WC00008,0.03
1433003187,WC00008,0.03
1387009296,WC00004,0.1
1433003199,WC00008,0.03
1388000466,WC00004,0.1
482900223,WC00008,0.03
1433003214,WC00008,0.03
1388000691,WC00008,0.03
1433003215,WC00008,0.03
482900308,WC00004,0.1
1388001626,WC00004,0.1
1388002480,WC00008,0.03
1433003218,WC00008,0.03
482900408,WC00004,0.1
1388003350,WC00004,0.1
1433003219,WC00008,0.03
482900489,WC00004,0.1
1314004295,WC00004,0.1
1363003162,WC00008,0.03
1315006582,WC00008,0.03
1184008069,WC00008,0.03
1315006633,WC00008,0.03
1184008091,WC00008,0.03
1388003354,WC00008,0.03
1433003220,WC00008,0.03
1388003393,WC00008,0.03
482900513,WC00008,0.03
1433003221,WC00008,0.03
482900523,WC00008,0.03
1389004050,WC00004,0.1
1433003222,WC00008,0.03
1390006521,WC00008,0.03
1433003223,WC00008,0.03
1433003226,WC00008,0.03
1433003227,WC00008,0.03
1433003228,WC00008,0.03
1433003229,WC00008,0.03
1433003230,WC00008,0.03
1315006634,WC00008,0.03
1363006912,WC00008,0.03
1315006635,WC00008,0.03
1363006921,WC00008,0.03
1363006923,WC00008,0.03
1315006676,WC00008,0.03
1286007401,WC00008,0.03
1363006933,WC00008,0.03
1363007084,WC00008,0.03
1286007436,WC00008,0.03
1286007475,WC00008,0.03
1315006803,WC00008,0.03
1363007726,WC00008,0.03
1364000355,WC00008,0.03
1394007392,WC00008,0.03
1433004151,WC00008,0.03
1394007393,WC00008,0.03
1394007394,WC00008,0.03
1433004152,WC00008,0.03
1394007395,WC00008,0.03
1433004156,WC00008,0.03
1433005584,WC00008,0.03
492900473,WC00008,0.03
1433005587,WC00008,0.03
1394008100,WC00008,0.03
1433005591,WC00008,0.03
1434002400,WC00008,0.03
1434008347,WC00008,0.03
506800802,WC00008,0.03
1434008350,WC00008,0.03
506800809,WC00008,0.03
1434008352,WC00008,0.03
1396009745,WC00008,0.03
1434008367,WC00008,0.03
1000004403,WC00004,0.1
1205006145,WC00008,0.03
1316000599,WC00008,0.03
1292006065,WC00008,0.03
1367007922,WC00004,0.1
1367007927,WC00004,0.1
1367007934,WC00004,0.1
1316005247,WC00008,0.03
1367008761,WC00008,0.03
1316005249,WC00008,0.03
1295008276,WC00004,0.1
1316007579,WC00008,0.03
1367009434,WC00004,0.1
1367009443,WC00008,0.03
1299006435,WC00008,0.04
1367009445,WC00008,0.04
1367009446,WC00008,0.04
1367009447,WC00008,0.04
1367009450,WC00008,0.04
1304004328,WC00004,0.1
1367009452,WC00008,0.04
1367009461,WC00004,0.1
1367009465,WC00004,0.1
1367009466,WC00004,0.1
1367009467,WC00008,0.04
1367009472,WC00008,0.04
506800810,WC00008,0.04
1396009746,WC00008,0.04
1434008376,WC00008,0.04
506800811,WC00008,0.04
1434008377,WC00008,0.04
1434008448,WC00008,0.04
509000118,WC00004,0.1
516300708,WC00008,0.04
516300711,WC00004,0.1
516300871,WC00008,0.04
516400586,WC00008,0.04
1435006783,WC00008,0.04
516400599,WC00008,0.04
1435006784,WC00008,0.04
516400739,WC00008,0.04
1367009475,WC00008,0.04
1367009482,WC00008,0.04
1367009489,WC00008,0.04
1367009490,WC00008,0.04
1368000478,WC00004,0.1
1368005752,WC00008,0.04
1306000509,WC00008,0.04
1368005756,WC00008,0.04
1306000512,WC00008,0.04
1368006246,WC00008,0.04
1306003079,WC00008,0.04
1368007739,WC00008,0.04
1306003161,WC00008,0.04
1319007713,WC00008,0.04
1435006818,WC00008,0.04
1402005785,WC00008,0.04
1435006820,WC00008,0.04
1435006822,WC00008,0.04
1403000492,WC00004,0.1
523600844,WC00008,0.04
1435006823,WC00008,0.04
1403002368,WC00008,0.04
523600846,WC00008,0.04
1403002457,WC00008,0.04
1403002542,WC00008,0.04
523800670,WC00008,0.04
1435008013,WC00008,0.04
1435008024,WC00008,0.04
1435009764,WC00008,0.04
1435009969,WC00008,0.04
1436000519,WC00008,0.04
1436000542,WC00008,0.04
1436000549,WC00008,0.04
1436000575,WC00008,0.04
1368009538,WC00008,0.04
1306005460,WC00004,0.1
1307000326,WC00008,0.04
1307000327,WC00008,0.04
1319007740,WC00008,0.04
1369008265,WC00008,0.04
1307000328,WC00008,0.04
1307000329,WC00008,0.04
1319008519,WC00004,0.1
1307000330,WC00008,0.04
1319008520,WC00004,0.1
1319008521,WC00004,0.1
1371003838,WC00008,0.04
1436000581,WC00008,0.04
1436000584,WC00008,0.04
1436001227,WC00008,0.04
1403009098,WC00004,0.1
1404003188,WC00004,0.1
1404003190,WC00004,0.1
1404003202,WC00004,0.1
1404004510,WC00004,0.1
1442009484,WC00004,0.1
1442009495,WC00004,0.1
1404005896,WC00004,0.1
1404008002,WC00008,0.04
1444000779,WC00004,0.1
1404008003,WC00008,0.04
1444001104,WC00004,0.1
1444001105,WC00004,0.1
1444001106,WC00004,0.1
1406009501,WC00008,0.04
1444001107,WC00004,0.1
1444001109,WC00004,0.1
1444001110,WC00004,0.1
1444001115,WC00004,0.1
1307000331,WC00008,0.04
1319008531,WC00004,0.1
1371003842,WC00008,0.04
1307000347,WC00008,0.04
1371003868,WC00008,0.04
1371003870,WC00008,0.04
1307000368,WC00008,0.04
1371003881,WC00008,0.04
1320005408,WC00004,0.1
1079007130,WC00008,0.04
1371006654,WC00008,0.04
1371006728,WC00008,0.04
1371006729,WC00008,0.04
1371006730,WC00008,0.04
1371006731,WC00008,0.04
1321005019,WC00004,0.1
1321005020,WC00004,0.1
1307006515,WC00008,0.04
1374006195,WC00008,0.04
1374006217,WC00008,0.04
1374006229,WC00008,0.04
1374006278,WC00008,0.04
1374006290,WC00008,0.04
1374006292,WC00008,0.04
1374006294,WC00008,0.04
1374009352,WC00004,0.1
1374009355,WC00008,0.04
1307006558,WC00008,0.04
1307006563,WC00008,0.04
1374009356,WC00004,0.1
1374009357,WC00008,0.04
1374009358,WC00008,0.04
1307006565,WC00008,0.04
1374009359,WC00004,0.1
1446007922,WC00004,0.1
1408007396,WC00008,0.04
1408008400,WC00004,0.1
534500821,WC00008,0.04
534500975,WC00008,0.04
534600016,WC00008,0.04
1409000820,WC00008,0.04
534600070,WC00008,0.04
1409000821,WC00008,0.04
534600080,WC00008,0.04
534600096,WC00008,0.04
534600097,WC00008,0.04
1409000822,WC00008,0.04
534600176,WC00008,0.04
1409000823,WC00008,0.04
534600177,WC00008,0.04
534600178,WC00008,0.04
1409000824,WC00008,0.04
534600179,WC00008,0.04
534600180,WC00008,0.04
534600183,WC00008,0.04
1409000826,WC00008,0.04
1409000827,WC00008,0.04
1409000828,WC00008,0.04
534900628,WC00008,0.04
1409000829,WC00008,0.04
1409001616,WC00008,0.04
1410008907,WC00008,0.04
1410008949,WC00008,0.04
1410009017,WC00008,0.04
1410009632,WC00008,0.04
1412004046,WC00004,0.1
1412009595,WC00008,0.04
1413008700,WC00008,0.04
1413008810,WC00008,0.04
1415007766,WC00008,0.04
1328005658,WC00004,0.1
1374009360,WC00004,0.1
1374009361,WC00004,0.1
1307006578,WC00008,0.04
1330009421,WC00008,0.04
1330009422,WC00008,0.04
1330009423,WC00008,0.04
1307007479,WC00008,0.04
1330009424,WC00008,0.04
1330009425,WC00008,0.04
1307007525,WC00008,0.04
1330009428,WC00008,0.04
1330009429,WC00008,0.04
1330009430,WC00008,0.04
1330009431,WC00008,0.04
1307008922,WC00008,0.04
1330009443,WC00008,0.04
1375009162,WC00008,0.04
1308000285,WC00008,0.04
1330009446,WC00008,0.04
1230005334,WC00008,0.04
1330009447,WC00008,0.04
1330009448,WC00008,0.04
1330009449,WC00008,0.04
1308002245,WC00008,0.04
1330009450,WC00008,0.04
1308006995,WC00008,0.04
1308007061,WC00008,0.04
1309007114,WC00008,0.04
1378002952,WC00008,0.04
1312005730,WC00008,0.04
1312005754,WC00008,0.04
1312005805,WC00008,0.04
1312005845,WC00008,0.04
1312005996,WC00004,0.1
1312008574,WC00008,0.04
1378006828,WC00004,0.1
1241006360,WC00008,0.04
1312009945,WC00008,0.04
1345008356,WC00008,0.04
1378008132,WC00004,0.1
1345008357,WC00008,0.04
1123001904,WC00008,0.04
1312009946,WC00008,0.04
1254005367,WC00008,0.04
1378008133,WC00004,0.1
1254005368,WC00008,0.04
1312009947,WC00008,0.04
1123001907,WC00008,0.04
1378008134,WC00004,0.1
1123001908,WC00008,0.04
1345008359,WC00008,0.04
1378008135,WC00008,0.04
1378008136,WC00004,0.1
1312009948,WC00008,0.04
1378008138,WC00008,0.04
1345008362,WC00008,0.04
1378008139,WC00004,0.1
1345008364,WC00008,0.04
1312009949,WC00008,0.04
1124002814,WC00008,0.04
1345008365,WC00008,0.04
1345008367,WC00008,0.04
1312009952,WC00008,0.04
1345008368,WC00008,0.04
1345008369,WC00008,0.04
1312009953,WC00008,0.04
1345008372,WC00008,0.04
1379009074,WC00004,0.1
1312009954,WC00008,0.04
1345008375,WC00008,0.04
1312009955,WC00008,0.04
1133000191,WC00008,0.04
1260000786,WC00004,0.1
1133000473,WC00008,0.04
1417002652,WC00008,0.04
1417002653,WC00008,0.04
1417002654,WC00008,0.04
1420002837,WC00008,0.04
1420003180,WC00008,0.04
1420004603,WC00008,0.04
1420005719,WC00004,0.1
1312009957,WC00008,0.04
1379009837,WC00008,0.04
1380002934,WC00008,0.04
1313000787,WC00008,0.04
1380002992,WC00008,0.04
1380002993,WC00008,0.04
1135003933,WC00008,0.04
1380002994,WC00008,0.04
1313000788,WC00008,0.04
1313000789,WC00008,0.04
1380003055,WC00008,0.04
1135003940,WC00008,0.04
1380003056,WC00008,0.04
1135003941,WC00008,0.04
1380003067,WC00008,0.04
1346008567,WC00008,0.04
1380003068,WC00008,0.04
1380003069,WC00008,0.04
1380003082,WC00008,0.04
1347002626,WC00008,0.04
1380003083,WC00008,0.04
1271008438,WC00008,0.04
1271008442,WC00008,0.04
1313003321,WC00008,0.04
1380007181,WC00008,0.04
1380007182,WC00008,0.04
1380007184,WC00004,0.1
1380007204,WC00008,0.04
1380007205,WC00008,0.04
1380007206,WC00008,0.04
1380007208,WC00008,0.04
1380007209,WC00004,0.1
1380007210,WC00008,0.04
1348007327,WC00008,0.04
1380007211,WC00008,0.04
1348007808,WC00004,0.1
1380007212,WC00004,0.1
1420006459,WC00008,0.04
1420006463,WC00008,0.04
1420006465,WC00004,0.1
1420006472,WC00008,0.04
1422003167,WC00008,0.04
1422005237,WC00004,0.1
1425008525,WC00004,0.1
1425008527,WC00004,0.1
1425008528,WC00004,0.1
1425008529,WC00004,0.1
1425008559,WC00004,0.1
1425008560,WC00004,0.1
1425008566,WC00008,0.04
1348007853,WC00004,0.1
1348007895,WC00004,0.1
1380008438,WC00004,0.1
1381003801,WC00004,0.1
1348007899,WC00008,0.04
1381003802,WC00008,0.04
1348007905,WC00004,0.1
1381003803,WC00008,0.04
1381003804,WC00008,0.04
1348007918,WC00008,0.04
1381003807,WC00008,0.04
1348007921,WC00008,0.04
1381003810,WC00004,0.1
1348007938,WC00004,0.1
1381003857,WC00004,0.1
1348007939,WC00008,0.04
1381003858,WC00004,0.1
1348007940,WC00004,0.1
1381003859,WC00004,0.1
1348007941,WC00008,0.04
1381003860,WC00008,0.04
1348007943,WC00008,0.04
1381003861,WC00004,0.1
1381003862,WC00008,0.04
1348007944,WC00004,0.1
1381003867,WC00004,0.1
1381003927,WC00004,0.1
1381004058,WC00004,0.1
1381004071,WC00008,0.04
1382000904,WC00008,0.04
1382001174,WC00004,0.1
1382002987,WC00008,0.04
1382007387,WC00008,0.04
1382007388,WC00008,0.04
1382007390,WC00004,0.1
1425008568,WC00008,0.04
1425008573,WC00008,0.04
1425008574,WC00008,0.04
1425008575,WC00008,0.04
1425008576,WC00008,0.04
1426005776,WC00004,0.1
1426008296,WC00008,0.04
1426008299,WC00008,0.04
1427000675,WC00004,0.1
1427000677,WC00004,0.1
1427000679,WC00008,0.04
1427000680,WC00004,0.1
1427000681,WC00004,0.1
1427000682,WC00004,0.1
1427000683,WC00004,0.1
1383002805,WC00004,0.1
1383002816,WC00004,0.1
1383003046,WC00008,0.04
1385000166,WC00004,0.1
1385006106,WC00008,0.04
1385006107,WC00004,0.1
1385006108,WC00004,0.1
1385006109,WC00004,0.1
1427000692,WC00004,0.1
1427000695,WC00004,0.1
1427000696,WC00004,0.1
1427000698,WC00004,0.1
1427000700,WC00008,0.04
1427000701,WC00004,0.1
1427000702,WC00004,0.1
534400839,WC00008,0.04
534400840,WC00008,0.04
534400842,WC00008,0.04
534400843,WC00008,0.04
534400844,WC00008,0.04
534500966,WC00008,0.04
534500967,WC00008,0.04
534500969,WC00008,0.04
534500970,WC00008,0.04
534500971,WC00008,0.04
534500972,WC00008,0.04
534500974,WC00008,0.04
534500989,WC00008,0.04
534500990,WC00009,0.04
534500991,WC00009,0.04
534500992,WC00009,0.04
534500993,WC00009,0.04
534500994,WC00009,0.04
534500995,WC00009,0.04
534600065,WC00009,0.04
534600066,WC00009,0.04
534600067,WC00009,0.04
534600068,WC00009,0.04
534600069,WC00009,0.04
534600081,WC00009,0.04
534600082,WC00009,0.04
534600083,WC00009,0.04
534600084,WC00009,0.04
534900625,WC00009,0.04
534900626,WC00009,0.04
534900636,WC00009,0.04
534900639,WC00009,0.04
534900671,WC00009,0.04
535700602,WC00009,0.04
535700654,WC00009,0.04
535800197,WC00009,0.04
535800548,WC00009,0.04
535900788,WC00009,0.04
541400410,WC00009,0.04
541400424,WC00009,0.04
1385006110,WC00004,0.1
1385006111,WC00004,0.1
1385006112,WC00004,0.1
1385006114,WC00009,0.04
1385006115,WC00004,0.1
1385006116,WC00009,0.04
1386002817,WC00004,0.1
1386002821,WC00004,0.1
1386002823,WC00004,0.1
1386002825,WC00004,0.1
1307000333,WC00009,0.04
1386003961,WC00009,0.04
1386003962,WC00009,0.04
1307000335,WC00009,0.04
1386003963,WC00009,0.04
1307000338,WC00009,0.04
1386003964,WC00009,0.04
1386009890,WC00009,0.04
1307000339,WC00009,0.04
1022008477,WC00004,0.1
1387000051,WC00004,0.1
1307000340,WC00009,0.04
1387009295,WC00004,0.1
1307000341,WC00009,0.04
1388000471,WC00004,0.1
1307000342,WC00009,0.04
1388003340,WC00004,0.1
1307000343,WC00009,0.04
1389006249,WC00004,0.1
1307000345,WC00009,0.04
1307000346,WC00009,0.04
1307000350,WC00009,0.04
1307000359,WC00009,0.04
1307000360,WC00009,0.04
1307000361,WC00009,0.04
1307000362,WC00009,0.04
1395001459,WC00009,0.04
1307000363,WC00009,0.04
1395002762,WC00009,0.04
1307000364,WC00009,0.04
1307000365,WC00004,0.1
1307000366,WC00009,0.04
1307000367,WC00009,0.04
1307006573,WC00009,0.04
542700462,WC00009,0.04
542700487,WC00009,0.04
542700511,WC00009,0.04
542700514,WC00009,0.04
542700517,WC00009,0.04
542700524,WC00009,0.04
1307006577,WC00009,0.04
1307008879,WC00009,0.04
1307008880,WC00009,0.04
1307009003,WC00009,0.04
1308001223,WC00009,0.04
1405007098,WC00009,0.04
1405008333,WC00004,0.1
1312004798,WC00009,0.04
1312004799,WC00009,0.04
1140001311,WC00004,0.1
1313000779,WC00009,0.04
1313001658,WC00009,0.04
1146001844,WC00009,0.04
1410009631,WC00009,0.04
1410009634,WC00009,0.04
1313001659,WC00009,0.04
1313002438,WC00009,0.04
1313002466,WC00004,0.1
1415007756,WC00009,0.04
1415007757,WC00009,0.04
1168006855,WC00009,0.04
1314002943,WC00009,0.04
1415007758,WC00009,0.04
1168006867,WC00004,0.1
1314003970,WC00009,0.04
1415007759,WC00009,0.04
1415007760,WC00009,0.04
1314003971,WC00009,0.04
1415007761,WC00009,0.04
1415007762,WC00009,0.04
1314003972,WC00009,0.04
1415007763,WC00009,0.04
1314003975,WC00009,0.04
1415007764,WC00009,0.04
1415007765,WC00009,0.04
1314003976,WC00009,0.04
1181008012,WC00009,0.04
1418003640,WC00009,0.04
1314003977,WC00009,0.04
1314003978,WC00009,0.04
1418003728,WC00009,0.04
1418003781,WC00009,0.04
1314003979,WC00009,0.04
1418005271,WC00009,0.04
1314003980,WC00009,0.04
1420002119,WC00009,0.04
1420002347,WC00009,0.04
1420002569,WC00009,0.04
1314003981,WC00009,0.04
1420002580,WC00009,0.04
1314003982,WC00009,0.04
1420002717,WC00009,0.04
1420002720,WC00009,0.04
1420003127,WC00009,0.04
1314003986,WC00009,0.04
1420003130,WC00009,0.04
1420003142,WC00009,0.04
1420003147,WC00009,0.04
1420003148,WC00009,0.04
1420003151,WC00009,0.04
1207005456,WC00009,0.04
1420003153,WC00009,0.04
1420003163,WC00009,0.04
1420004600,WC00009,0.04
1420005659,WC00009,0.04
1314003999,WC00009,0.04
1420005705,WC00009,0.04
1314004000,WC00009,0.04
1420005706,WC00009,0.04
1314004001,WC00009,0.04
1420005708,WC00009,0.04
1420005709,WC00009,0.04
1314004002,WC00009,0.04
1420005711,WC00009,0.04
1314004003,WC00009,0.04
1420005715,WC00009,0.04
1314004004,WC00009,0.04
1420005718,WC00009,0.04
1422003085,WC00009,0.04
1422003086,WC00009,0.04
1422003090,WC00009,0.04
1315006801,WC00009,0.04
1422003091,WC00009,0.04
1261003165,WC00009,0.04
1422004808,WC00004,0.1
1261003167,WC00009,0.04
1422005140,WC00004,0.1
1315006802,WC00009,0.04
1422005143,WC00004,0.1
1422005154,WC00004,0.1
1422005156,WC00004,0.1
1422005157,WC00004,0.1
1422005161,WC00004,0.1
1422005167,WC00004,0.1
1422005169,WC00004,0.1
1422005171,WC00004,0.1
1271000862,WC00009,0.04
1422005172,WC00004,0.1
1272002814,WC00009,0.04
1427000693,WC00004,0.1
1427000694,WC00004,0.1
1272005059,WC00009,0.04
1427000699,WC00004,0.1
1427000709,WC00004,0.1
1427000710,WC00004,0.1
1319007754,WC00009,0.04
1427000712,WC00004,0.1
1274006072,WC00004,0.1
1427000714,WC00004,0.1
1428000745,WC00009,0.04
1428000746,WC00009,0.04
1319008523,WC00004,0.1
1428000747,WC00009,0.04
1319008524,WC00004,0.1
1275004408,WC00009,0.04
1319008526,WC00004,0.1
1428000748,WC00009,0.04
1275005879,WC00004,0.1
1319008527,WC00004,0.1
1275005902,WC00004,0.1
1429002733,WC00009,0.04
1319008528,WC00004,0.1
1429005036,WC00009,0.04
1275005904,WC00004,0.1
1275005907,WC00009,0.04
1429005037,WC00009,0.04
1319008529,WC00004,0.1
1429005051,WC00009,0.04
1275006487,WC00009,0.04
1275006488,WC00009,0.04
1429005056,WC00009,0.04
493900792,WC00009,0.04
1430000154,WC00009,0.04
1319008530,WC00004,0.1
1431009257,WC00009,0.04
511900238,WC00009,0.04
1432000093,WC00004,0.1
1319008543,WC00004,0.1
1275006505,WC00009,0.04
1319008544,WC00004,0.1
1275006506,WC00009,0.04
1433000193,WC00009,0.04
1319008545,WC00004,0.1
1433000198,WC00009,0.04
1319008547,WC00004,0.1
1433000237,WC00009,0.04
1319008548,WC00004,0.1
1433000242,WC00009,0.04
1319008549,WC00004,0.1
1433000277,WC00009,0.04
1433003155,WC00009,0.04
1433003159,WC00009,0.04
1433003168,WC00009,0.04
1433003172,WC00009,0.04
1320007338,WC00009,0.04
534400834,WC00009,0.04
1433003173,WC00009,0.04
534400836,WC00009,0.04
534400837,WC00009,0.04
1433003174,WC00009,0.04
1433003185,WC00009,0.04
534400838,WC00009,0.04
1290005281,WC00009,0.04
1433003186,WC00009,0.04
1433003188,WC00009,0.04
1433003190,WC00009,0.04
1325000930,WC00009,0.04
1433003191,WC00009,0.04
1305006833,WC00009,0.04
1433003192,WC00009,0.04
1433003193,WC00009,0.04
1307000324,WC00009,0.04
1433003194,WC00009,0.04
1433003195,WC00009,0.04
1433003198,WC00009,0.04
1434000561,WC00009,0.04
1434000567,WC00009,0.04
1346004723,WC00009,0.04
1346004792,WC00004,0.1
1346007650,WC00009,0.04
1435009771,WC00009,0.04
1346007975,WC00009,0.04
1435009775,WC00009,0.04
1346007987,WC00009,0.04
1435009796,WC00009,0.04
1346007988,WC00009,0.04
1435009799,WC00009,0.04
1346007989,WC00009,0.04
1435009800,WC00009,0.04
1346007990,WC00009,0.04
1346008472,WC00009,0.04
1435009805,WC00009,0.04
1435009816,WC00009,0.04
1346008480,WC00009,0.04
1435009818,WC00009,0.04
1346008481,WC00009,0.04
1435009821,WC00009,0.04
1346008489,WC00009,0.04
1435009853,WC00009,0.04
1346008497,WC00009,0.04
1435009855,WC00009,0.04
1346008500,WC00009,0.04
1435009863,WC00009,0.04
1346008507,WC00009,0.04
1435009865,WC00009,0.04
1435009960,WC00009,0.04
1436000036,WC00009,0.04
1436000262,WC00009,0.04
1436000266,WC00009,0.04
1436000310,WC00009,0.04
1350002736,WC00009,0.04
1350002851,WC00009,0.04
1436000332,WC00009,0.04
1436000343,WC00009,0.04
1443003594,WC00009,0.04
1443007889,WC00009,0.04
1443007890,WC00009,0.04
1444000726,WC00009,0.04
1455006406,WC00004,0.1
1363001201,WC00009,0.04
1363001202,WC00009,0.04
1363001203,WC00009,0.04
1363001204,WC00009,0.04
1363001205,WC00009,0.04
1363001206,WC00009,0.04
1363001207,WC00009,0.04
1363001208,WC00009,0.04
1363001209,WC00009,0.04
1363001210,WC00009,0.04
1363001211,WC00009,0.04
1363001212,WC00009,0.04
1363001218,WC00009,0.04
1363001254,WC00009,0.04
1363001418,WC00009,0.04
1363001419,WC00009,0.04
1363001420,WC00009,0.04
1363001421,WC00009,0.04
1363001422,WC00009,0.13
1363001423,WC00009,0.13
1363003144,WC00009,0.13
1363003145,WC00009,0.13
1363003146,WC00009,0.13
1363003147,WC00009,0.13
1363003148,WC00009,0.13
1363003153,WC00009,0.13
1363003154,WC00009,0.13
1363004556,WC00009,0.13
1363007723,WC00009,0.13
1363007725,WC00009,0.13
1367008139,WC00004,0.1
1367008140,WC00009,0.13
1367008141,WC00009,0.13
1367008142,WC00009,0.13
1367008143,WC00009,0.13
1367008144,WC00009,0.13
1367008145,WC00009,0.13
1367008146,WC00009,0.13
1367008147,WC00009,0.13
1367008148,WC00009,0.13
1367008149,WC00009,0.13
1367008151,WC00009,0.13
1367008152,WC00009,0.13
1367008155,WC00009,0.13
1367009496,WC00009,0.13
1371006644,WC00009,0.13
1371006645,WC00009,0.13
1371006646,WC00009,0.13
1371006647,WC00009,0.13
1371006648,WC00009,0.13
1371006649,WC00009,0.13
1371006650,WC00009,0.13
1371006651,WC00009,0.13
1371006652,WC00009,0.13
1371006653,WC00009,0.13
1376007440,WC00004,0.1
1376007441,WC00004,0.1
1376007442,WC00004,0.1
1376007443,WC00004,0.1
1376007445,WC00004,0.1
1376007446,WC00004,0.1
1376007447,WC00004,0.1
1377002216,WC00009,0.13
1378002666,WC00009,0.13
1378002667,WC00009,0.13
1378006826,WC00009,0.13
1378006827,WC00009,0.13
1379009069,WC00004,0.1
1379009070,WC00004,0.1
1379009071,WC00004,0.1
1379009072,WC00004,0.1
1379009073,WC00004,0.1
1380007207,WC00004,0.1
1381004006,WC00004,0.1
1381004057,WC00009,0.13
1382000899,WC00009,0.13
1382000900,WC00009,0.13
1382000901,WC00009,0.13
1382000902,WC00009,0.13
1382000909,WC00004,0.1
1382000910,WC00009,0.13
1382000911,WC00004,0.1
1382001169,WC00009,0.13
1382001170,WC00009,0.13
1383002181,WC00004,0.1
1383002804,WC00004,0.1
1383002810,WC00004,0.1
1383002815,WC00004,0.1
1385000106,WC00004,0.1
1385000114,WC00009,0.13
1385000144,WC00009,0.13
1385000147,WC00004,0.1
1385000152,WC00004,0.1
1385000155,WC00004,0.1
1386002413,WC00004,0.1
1122004061,WC00004,0.1
1146005729,WC00004,0.1
1307000348,WC00009,0.13
1314003984,WC00009,0.13
1314003985,WC00009,0.13
1346007992,WC00009,0.13
1346007994,WC00009,0.13
1350002569,WC00009,0.13
1350002575,WC00009,0.13
1350002756,WC00009,0.13
1350002776,WC00009,0.13
1363001214,WC00009,0.13
1367008154,WC00009,0.13
511500612,WC00009,0.13
1416001604,WC00009,0.13
6006001189,WC00009,0.13